{"stats":{"minecraft:used":{"minecraft:wooden_axe":18,"minecraft:stone_sword":7,"minecraft:cow_spawn_egg":3,"minecraft:stone_pickaxe":7,"minecraft:grass_block":1,"minecraft:bread":3,"zombie_extreme:m_9_knife":6,"minecraft:oak_planks":5,"minecraft:wooden_pickaxe":11,"dynamictrees:oak_seed":4,"minecraft:stone_axe":2,"minecraft:crafting_table":3,"minecraft:white_bed":1},"minecraft:dropped":{"apocalypsenow:human_flesh":1,"minecraft:oak_log":6,"minecraft:wooden_axe":1,"minecraft:rotten_flesh":2,"minecraft:cobblestone":3,"minecraft:wooden_pickaxe":1},"minecraft:killed":{"zombie_island:eat_courier":1,"zombie_extreme:infected":1,"zombie_extreme:infected_police":1,"zombie_extreme:assasin_black_ops":1,"zombie_island:walker_3":1},"minecraft:custom":{"minecraft:time_since_rest":985,"minecraft:sprint_one_cm":64500,"minecraft:damage_taken":740,"minecraft:walk_one_cm":111471,"minecraft:mob_kills":5,"minecraft:drop":9,"minecraft:damage_dealt":1190,"minecraft:interact_with_crafting_table":5,"minecraft:swim_one_cm":3911,"minecraft:fly_one_cm":228411,"minecraft:open_chest":1,"minecraft:crouch_one_cm":561,"minecraft:play_time":60594,"tombstone:undead_killed":1,"minecraft:deaths":2,"minecraft:sneak_time":972,"minecraft:walk_under_water_one_cm":2943,"minecraft:jump":670,"minecraft:leave_game":1,"minecraft:time_since_death":947,"minecraft:walk_on_water_one_cm":9352,"minecraft:sleep_in_bed":1,"minecraft:total_world_time":60594,"minecraft:climb_one_cm":6194,"minecraft:fall_one_cm":13026},"minecraft:mined":{"minecraft:hay_block":2,"minecraft:white_bed":2,"zombie_extreme:decomposing_backpack":1,"minecraft:crafting_table":3,"minecraft:grass":9,"minecraft:tall_grass":2,"minecraft:cobblestone":18,"zombie_extreme:birdsnest":1,"minecraft:oak_planks":1},"minecraft:crafted":{"minecraft:oak_planks":32,"minecraft:crafting_table":1,"minecraft:wooden_pickaxe":1,"minecraft:stone_pickaxe":1,"minecraft:wooden_axe":1,"minecraft:stone_axe":1,"minecraft:bread":6,"minecraft:wheat":18},"minecraft:picked_up":{"minecraft:stick":15,"minecraft:crafting_table":3,"zombie_extreme:m_9_knife":1,"minecraft:feather":1,"minecraft:oak_log":14,"minecraft:white_bed":1,"zombie_extreme:decomposing_backpack":1,"minecraft:dirt":7,"tombstone:lollipop":1,"minecraft:rotten_flesh":3,"minecraft:sugar":1,"butchersdelight:dead_cow":3,"apocalypsenow:human_flesh":1,"minecraft:hay_block":2,"dynamictrees:oak_seed":4,"minecraft:oak_planks":2,"minecraft:cobblestone":17,"minecraft:egg":4}},"DataVersion":3465}