{"stats":{"minecraft:used":{"minecraft:wooden_axe":3,"minecraft:cow_spawn_egg":3,"minecraft:stone_sword":7,"minecraft:crafting_table":1,"minecraft:grass_block":1,"minecraft:oak_planks":5},"minecraft:dropped":{"minecraft:oak_log":6},"minecraft:custom":{"minecraft:time_since_rest":36594,"minecraft:crouch_one_cm":89,"minecraft:sprint_one_cm":32942,"minecraft:play_time":36594,"minecraft:damage_taken":55,"minecraft:walk_one_cm":50265,"minecraft:sneak_time":640,"minecraft:walk_under_water_one_cm":2943,"minecraft:drop":1,"minecraft:jump":389,"minecraft:damage_dealt":536,"minecraft:walk_on_water_one_cm":7407,"minecraft:leave_game":1,"minecraft:time_since_death":36594,"minecraft:climb_one_cm":6194,"minecraft:total_world_time":36594,"minecraft:swim_one_cm":3911,"minecraft:interact_with_crafting_table":1,"minecraft:fall_one_cm":5536,"minecraft:fly_one_cm":180604},"minecraft:mined":{"minecraft:grass":7,"minecraft:tall_grass":1,"minecraft:crafting_table":1},"minecraft:crafted":{"minecraft:oak_planks":32,"minecraft:crafting_table":1,"minecraft:wooden_pickaxe":1,"minecraft:wooden_axe":1},"minecraft:picked_up":{"minecraft:stick":14,"minecraft:crafting_table":1,"butchersdelight:dead_cow":3,"minecraft:oak_log":14,"dynamictrees:oak_seed":4}},"DataVersion":3465}