{"stats":{"minecraft:used":{"minecraft:stone_sword":7,"minecraft:cow_spawn_egg":3,"minecraft:grass_block":1},"minecraft:custom":{"minecraft:jump":230,"minecraft:time_since_rest":24594,"minecraft:damage_dealt":300,"minecraft:leave_game":1,"minecraft:play_time":24594,"minecraft:sprint_one_cm":17560,"minecraft:time_since_death":24594,"minecraft:walk_one_cm":24056,"minecraft:total_world_time":24594,"minecraft:sneak_time":194,"minecraft:climb_one_cm":6194,"minecraft:fall_one_cm":1370,"minecraft:fly_one_cm":151632},"minecraft:mined":{"minecraft:grass":4},"minecraft:picked_up":{"butchersdelight:dead_cow":3}},"DataVersion":3465}