{"stats":{"minecraft:broken":{"apocalypsenow:british_army_chestplate":1,"apocalypsenow:officer_beret_chestplate":1,"apocalypsenow:british_army_helmet":1},"minecraft:custom":{"minecraft:mob_kills":19,"minecraft:interact_with_crafting_table":30,"minecraft:open_barrel":2,"minecraft:leave_game":3,"minecraft:time_since_death":873,"minecraft:climb_one_cm":10038,"minecraft:damage_resisted":728,"minecraft:sprint_one_cm":259505,"minecraft:walk_one_cm":396737,"minecraft:drop":21,"tombstone:eaten_lollipop":1,"minecraft:talked_to_villager":3,"minecraft:play_time":274685,"minecraft:deaths":26,"minecraft:sneak_time":2871,"minecraft:walk_under_water_one_cm":15577,"minecraft:jump":2387,"minecraft:interact_with_blast_furnace":1,"minecraft:walk_on_water_one_cm":26854,"minecraft:total_world_time":274685,"minecraft:interact_with_furnace":69,"minecraft:sleep_in_bed":4,"minecraft:time_since_rest":901,"minecraft:damage_taken":7421,"minecraft:damage_dealt":4494,"minecraft:swim_one_cm":11290,"minecraft:fly_one_cm":499232,"minecraft:open_chest":17,"minecraft:crouch_one_cm":4631,"tombstone:undead_killed":4,"minecraft:fall_one_cm":62641},"minecraft:used":{"realisticforgingores:big_stone":1,"zombie_extreme:cleaver":1,"minecraft:stone_sword":7,"zombie_extreme:m_9_knife":98,"zombie_extreme:canned_food":1,"tombstone:lollipop":1,"minecraft:rotten_flesh":4,"zombie_extreme:vodka":2,"minecraft:torch":9,"minecraft:dirt":1,"minecraft:wooden_axe":18,"minecraft:grass_block":1,"minecraft:stone_bricks":2,"minecraft:furnace":1,"tombstone:gift":4,"minecraft:egg":5,"minecraft:water_bucket":1,"minecraft:cow_spawn_egg":3,"minecraft:stone_pickaxe":50,"minecraft:oak_planks":5,"minecraft:wooden_pickaxe":11,"zombie_extreme:rotten_apple":2,"minecraft:cracked_stone_bricks":1,"minecraft:stripped_mangrove_wood":1,"minecraft:crafting_table":6,"minecraft:mushroom_stew":1,"minecraft:white_bed":2,"minecraft:bread":6,"tombstone:grave_key":4,"minecraft:stone_axe":22,"minecraft:cobblestone":3,"minecraft:bucket":2,"apocalypsenow:human_flesh":6},"minecraft:crafted":{"minecraft:oak_planks":48,"realisticforgingores:wheatbroom":1,"realisticforgingores:two_sticks":27,"minecraft:furnace":1,"minecraft:stone_pickaxe":1,"minecraft:chest":1,"realisticforgingores:smithing_stone_hammer":2,"sophisticatedbackpacks:iron_backpack":1,"minecraft:wheat":135,"sophisticatedbackpacks:backpack":1,"minecraft:crafting_table":1,"minecraft:wooden_pickaxe":1,"minecraft:bucket":1,"minecraft:stone_axe":1,"minecraft:bread":44,"minecraft:air":0,"realisticforgingores:hotrawironore":27,"minecraft:stick":56,"minecraft:wooden_axe":1},"minecraft:dropped":{"apocalypsenow:human_flesh":1,"butchersdelight:dead_cow":2,"minecraft:wheat_seeds":1,"minecraft:oak_log":6,"minecraft:feather":1,"minecraft:cobblestone":6,"minecraft:wooden_axe":1,"butchersdelight:deadchiken":4,"minecraft:bowl":1,"butchersdelight:deadsheep":2,"minecraft:rotten_flesh":3,"zombie_extreme:decomposing_backpack":1,"minecraft:bundle":1,"minecraft:wooden_pickaxe":1},"minecraft:picked_up":{"zombie_extreme:wooden_barricades":1,"minecraft:crafting_table":6,"zombie_extreme:decomposing_backpack":1,"minecraft:string":6,"butchersdelight:dead_cow":5,"minecraft:cracked_stone_bricks":1,"apocalypsenow:baseball_cap_blue_helmet":1,"minecraft:sugar_cane":4,"minecraft:egg":7,"minecraft:furnace":1,"minecraft:stick":15,"minecraft:stripped_mangrove_wood":1,"realisticforgingores:big_stone":2,"zombie_extreme:soda_used":1,"minecraft:torch":10,"apocalypsenow:gas_canister":1,"tombstone:grave_dust":2,"tombstone:lollipop":1,"butchersdelight:deadsheep":2,"minecraft:arrow":2,"apocalypsenow:officer_beret_chestplate":1,"minecraft:rotten_flesh":17,"minecraft:hay_block":15,"minecraft:mutton":1,"minecraft:cobblestone":27,"minecraft:white_wool":2,"minecraft:stripped_oak_log":4,"zombie_extreme:m_9_knife":1,"minecraft:feather":2,"minecraft:oak_log":14,"jeg:scrap":5,"minecraft:cobblestone_stairs":2,"minecraft:dirt":9,"butchersdelight:deadchiken":4,"minecraft:cooked_mutton":1,"realisticforgingores:raw_iron_ore":27,"apocalypsenow:cooked_human_flesh":3,"minecraft:stone_bricks":4,"apocalypsenow:human_flesh":1,"minecraft:wheat_seeds":3,"minecraft:mossy_stone_bricks":1,"jeg:tech_trash":1,"minecraft:oak_planks":6,"apocalypsenow:british_army_chestplate":1,"minecraft:black_terracotta":10,"apocalypsenow:small_can":1,"minecraft:blast_furnace":1,"minecraft:white_bed":2,"minecraft:bundle":1,"butchersdelight:sheephide":1,"minecraft:sugar":1,"apocalypsenow:british_army_helmet":1,"minecraft:coal":14},"minecraft:killed":{"zombie_extreme:revived":1,"zombie_extreme:runner":1,"minecraft:husk":1,"zombie_extreme:infected":2,"zombie_extreme:infected_hazmat":1,"apocalypsenow:runner_40":1,"minecraft:sheep":1,"zombie_extreme:infected_police":2,"zombie_extreme:assasin_black_ops":3},"minecraft:mined":{"minecraft:brown_concrete":2,"minecraft:white_bed":3,"minecraft:cobblestone_stairs":2,"minecraft:grass_block":1,"minecraft:hay_block":15,"minecraft:furnace":1,"zombie_extreme:wooden_barricades":1,"minecraft:iron_ore":10,"zombie_extreme:decomposing_backpack":1,"minecraft:fire":5,"minecraft:stripped_oak_log":4,"minecraft:stone":3,"minecraft:stripped_mangrove_wood":1,"zombie_extreme:birdsnest":1,"realisticforgingores:big_stone":2,"jeg:scrap_ore":3,"minecraft:glass_pane":4,"minecraft:crafting_table":6,"minecraft:torch":6,"minecraft:blast_furnace":1,"minecraft:glass":2,"minecraft:tall_grass":3,"minecraft:cobblestone":24,"minecraft:oak_planks":4,"minecraft:iron_door":1,"minecraft:wall_torch":3,"minecraft:grass":15,"minecraft:coal_ore":2,"minecraft:cobweb":6,"minecraft:cracked_stone_bricks":1,"minecraft:stone_bricks":6,"minecraft:mossy_stone_bricks":1}},"DataVersion":3465}