{"stats":{"minecraft:picked_up":{"butchersdelight:dead_cow":2},"minecraft:custom":{"minecraft:jump":46,"minecraft:time_since_rest":6856,"minecraft:damage_dealt":200,"minecraft:leave_game":1,"minecraft:sprint_one_cm":2118,"minecraft:play_time":6856,"minecraft:time_since_death":6856,"minecraft:walk_one_cm":11374,"minecraft:sneak_time":194,"minecraft:climb_one_cm":6194,"minecraft:total_world_time":6856,"minecraft:fall_one_cm":627,"minecraft:fly_one_cm":48195},"minecraft:used":{"minecraft:stone_sword":5,"minecraft:cow_spawn_egg":2,"minecraft:grass_block":1}},"DataVersion":3465}