{"stats":{"minecraft:used":{"minecraft:stone_sword":5,"minecraft:cow_spawn_egg":2,"minecraft:grass_block":1},"minecraft:custom":{"minecraft:jump":71,"minecraft:time_since_rest":12594,"minecraft:damage_dealt":200,"minecraft:leave_game":1,"minecraft:play_time":12594,"minecraft:sprint_one_cm":3688,"minecraft:time_since_death":12594,"minecraft:walk_one_cm":17166,"minecraft:total_world_time":12594,"minecraft:sneak_time":194,"minecraft:climb_one_cm":6194,"minecraft:fall_one_cm":627,"minecraft:fly_one_cm":95772},"minecraft:picked_up":{"butchersdelight:dead_cow":2}},"DataVersion":3465}