{"stats":{"minecraft:used":{"minecraft:wooden_axe":18,"minecraft:stone_sword":7,"minecraft:cow_spawn_egg":3,"minecraft:stone_pickaxe":7,"minecraft:grass_block":1,"minecraft:bread":3,"zombie_extreme:m_9_knife":2,"minecraft:oak_planks":5,"minecraft:wooden_pickaxe":11,"dynamictrees:oak_seed":4,"minecraft:crafting_table":3},"minecraft:dropped":{"apocalypsenow:human_flesh":1,"minecraft:oak_log":6,"minecraft:wooden_axe":1,"minecraft:wooden_pickaxe":1},"minecraft:killed":{"zombie_island:eat_courier":1,"zombie_extreme:infected":1,"zombie_extreme:infected_police":1,"zombie_extreme:assasin_black_ops":1},"minecraft:custom":{"minecraft:time_since_rest":10290,"minecraft:sprint_one_cm":50295,"minecraft:damage_taken":390,"minecraft:walk_one_cm":86773,"minecraft:mob_kills":4,"minecraft:drop":4,"minecraft:damage_dealt":1055,"minecraft:interact_with_crafting_table":5,"minecraft:swim_one_cm":3911,"minecraft:fly_one_cm":203792,"minecraft:open_chest":1,"minecraft:crouch_one_cm":545,"minecraft:play_time":48594,"tombstone:undead_killed":1,"minecraft:deaths":1,"minecraft:sneak_time":956,"minecraft:walk_under_water_one_cm":2943,"minecraft:jump":534,"minecraft:leave_game":1,"minecraft:time_since_death":10245,"minecraft:walk_on_water_one_cm":7887,"minecraft:total_world_time":48594,"minecraft:climb_one_cm":6194,"minecraft:fall_one_cm":9467},"minecraft:mined":{"minecraft:hay_block":2,"minecraft:white_bed":1,"minecraft:crafting_table":2,"minecraft:grass":8,"minecraft:tall_grass":2,"minecraft:cobblestone":18,"minecraft:oak_planks":1},"minecraft:crafted":{"minecraft:oak_planks":32,"minecraft:crafting_table":1,"minecraft:wooden_pickaxe":1,"minecraft:stone_pickaxe":1,"minecraft:wooden_axe":1,"minecraft:stone_axe":1,"minecraft:bread":6,"minecraft:wheat":18},"minecraft:picked_up":{"minecraft:stick":14,"minecraft:crafting_table":2,"zombie_extreme:m_9_knife":1,"minecraft:oak_log":14,"minecraft:white_bed":1,"minecraft:dirt":7,"tombstone:lollipop":1,"minecraft:sugar":1,"butchersdelight:dead_cow":3,"apocalypsenow:human_flesh":1,"minecraft:hay_block":2,"dynamictrees:oak_seed":4,"minecraft:oak_planks":2,"minecraft:cobblestone":17,"minecraft:egg":3}},"DataVersion":3465}