{"stats":{"minecraft:dropped":{"apocalypsenow:human_flesh":1,"minecraft:oak_log":6,"minecraft:feather":1,"minecraft:cobblestone":6,"minecraft:rotten_flesh":3,"zombie_extreme:decomposing_backpack":1,"minecraft:bundle":1,"minecraft:wooden_axe":1,"minecraft:wooden_pickaxe":1},"minecraft:crafted":{"minecraft:oak_planks":32,"sophisticatedbackpacks:backpack":1,"minecraft:crafting_table":1,"realisticforgingores:wheatbroom":1,"minecraft:wooden_pickaxe":1,"realisticforgingores:two_sticks":3,"minecraft:furnace":1,"minecraft:stone_axe":1,"minecraft:bread":44,"minecraft:air":0,"realisticforgingores:hotrawironore":2,"minecraft:stick":4,"minecraft:stone_pickaxe":1,"minecraft:wooden_axe":1,"minecraft:chest":1,"realisticforgingores:smithing_stone_hammer":1,"minecraft:wheat":135},"minecraft:custom":{"minecraft:interact_with_furnace":10,"minecraft:mob_kills":17,"minecraft:interact_with_crafting_table":17,"minecraft:leave_game":2,"minecraft:time_since_death":21562,"minecraft:sleep_in_bed":3,"minecraft:climb_one_cm":10038,"minecraft:time_since_rest":6917,"minecraft:sprint_one_cm":182904,"minecraft:damage_taken":3478,"minecraft:walk_one_cm":273800,"minecraft:drop":16,"tombstone:eaten_lollipop":1,"minecraft:damage_dealt":3988,"minecraft:swim_one_cm":3911,"minecraft:talked_to_villager":2,"minecraft:fly_one_cm":403920,"minecraft:open_chest":11,"minecraft:crouch_one_cm":3091,"minecraft:play_time":212533,"tombstone:undead_killed":3,"minecraft:deaths":15,"minecraft:sneak_time":2165,"minecraft:walk_under_water_one_cm":4063,"minecraft:jump":1673,"minecraft:walk_on_water_one_cm":12042,"minecraft:total_world_time":212533,"minecraft:fall_one_cm":40204},"minecraft:killed":{"zombie_extreme:infected":2,"zombie_extreme:infected_hazmat":1,"apocalypsenow:runner_40":1,"zombie_island:walker_3":1,"minecraft:sheep":1,"zombie_extreme:revived":1,"zombie_island:eat_courier":1,"zombie_extreme:infected_police":2,"zombie_extreme:assasin_black_ops":3,"zombie_extreme:runner":1},"minecraft:used":{"realisticforgingores:big_stone":1,"zombie_extreme:cleaver":1,"minecraft:cow_spawn_egg":3,"minecraft:stone_sword":7,"minecraft:stone_pickaxe":34,"zombie_extreme:m_9_knife":73,"minecraft:oak_planks":5,"minecraft:wooden_pickaxe":11,"zombie_extreme:canned_food":1,"tombstone:lollipop":1,"dynamictrees:oak_seed":4,"zombie_extreme:vodka":1,"minecraft:torch":7,"minecraft:dirt":1,"minecraft:crafting_table":5,"minecraft:white_bed":1,"minecraft:wooden_axe":18,"minecraft:grass_block":1,"minecraft:bread":6,"tombstone:grave_key":4,"minecraft:stone_axe":13,"minecraft:cobblestone":3,"minecraft:furnace":1,"tombstone:gift":4,"minecraft:egg":4},"minecraft:broken":{"apocalypsenow:officer_beret_chestplate":1},"minecraft:mined":{"minecraft:brown_concrete":2,"minecraft:white_bed":2,"jeg:scrap_ore":1,"minecraft:glass_pane":2,"minecraft:crafting_table":4,"minecraft:torch":4,"minecraft:grass_block":1,"minecraft:glass":2,"minecraft:tall_grass":3,"minecraft:cobblestone":22,"minecraft:oak_planks":3,"minecraft:iron_door":1,"minecraft:wall_torch":1,"minecraft:hay_block":15,"zombie_extreme:wooden_barricades":1,"minecraft:iron_ore":10,"zombie_extreme:decomposing_backpack":1,"minecraft:grass":14,"minecraft:coal_ore":1,"minecraft:cobweb":6,"minecraft:stone":3,"minecraft:stone_bricks":4,"zombie_extreme:birdsnest":1,"realisticforgingores:big_stone":1},"minecraft:picked_up":{"zombie_extreme:wooden_barricades":1,"minecraft:crafting_table":4,"zombie_extreme:m_9_knife":1,"minecraft:feather":2,"minecraft:oak_log":14,"jeg:scrap":3,"zombie_extreme:decomposing_backpack":1,"minecraft:string":6,"minecraft:dirt":9,"butchersdelight:deadchiken":4,"realisticforgingores:raw_iron_ore":27,"butchersdelight:dead_cow":5,"minecraft:stone_bricks":2,"apocalypsenow:human_flesh":1,"minecraft:wheat_seeds":2,"dynamictrees:oak_seed":4,"minecraft:oak_planks":5,"apocalypsenow:british_army_chestplate":1,"minecraft:egg":6,"minecraft:stick":15,"realisticforgingores:big_stone":1,"minecraft:torch":6,"minecraft:white_bed":1,"tombstone:lollipop":1,"minecraft:bundle":1,"apocalypsenow:officer_beret_chestplate":1,"minecraft:rotten_flesh":10,"butchersdelight:deadsheep":2,"minecraft:sugar":1,"minecraft:hay_block":15,"apocalypsenow:british_army_helmet":1,"minecraft:coal":2,"minecraft:cobblestone":25,"minecraft:white_wool":2}},"DataVersion":3465}