{"stats":{"minecraft:dropped":{"apocalypsenow:human_flesh":1,"minecraft:oak_log":6,"minecraft:feather":1,"minecraft:cobblestone":3,"minecraft:rotten_flesh":3,"minecraft:bundle":1,"minecraft:wooden_axe":1,"minecraft:wooden_pickaxe":1},"minecraft:custom":{"minecraft:mob_kills":11,"minecraft:interact_with_crafting_table":6,"minecraft:leave_game":2,"minecraft:time_since_death":5746,"minecraft:sleep_in_bed":2,"minecraft:climb_one_cm":10038,"minecraft:time_since_rest":5784,"minecraft:sprint_one_cm":138784,"minecraft:damage_taken":3090,"minecraft:walk_one_cm":222111,"minecraft:drop":12,"tombstone:eaten_lollipop":1,"minecraft:damage_dealt":2604,"minecraft:swim_one_cm":3911,"minecraft:fly_one_cm":340519,"minecraft:open_chest":10,"minecraft:crouch_one_cm":1373,"minecraft:play_time":188533,"tombstone:undead_killed":3,"minecraft:deaths":14,"minecraft:sneak_time":1276,"minecraft:walk_under_water_one_cm":3793,"minecraft:jump":1326,"minecraft:walk_on_water_one_cm":10218,"minecraft:total_world_time":188533,"minecraft:fall_one_cm":31343},"minecraft:crafted":{"minecraft:oak_planks":32,"minecraft:crafting_table":1,"minecraft:wooden_pickaxe":1,"minecraft:stone_axe":1,"minecraft:bread":6,"minecraft:stone_pickaxe":1,"minecraft:wooden_axe":1,"minecraft:wheat":18},"minecraft:killed":{"zombie_extreme:infected":1,"apocalypsenow:runner_40":1,"zombie_island:walker_3":1,"minecraft:sheep":1,"zombie_extreme:revived":1,"zombie_island:eat_courier":1,"zombie_extreme:infected_police":2,"zombie_extreme:assasin_black_ops":1},"minecraft:used":{"zombie_extreme:cleaver":1,"minecraft:cow_spawn_egg":3,"minecraft:stone_sword":7,"minecraft:stone_pickaxe":18,"zombie_extreme:m_9_knife":43,"minecraft:oak_planks":5,"minecraft:wooden_pickaxe":11,"zombie_extreme:canned_food":1,"tombstone:lollipop":1,"dynamictrees:oak_seed":4,"zombie_extreme:vodka":1,"minecraft:torch":5,"minecraft:crafting_table":4,"minecraft:white_bed":1,"minecraft:wooden_axe":18,"minecraft:grass_block":1,"minecraft:bread":6,"tombstone:grave_key":4,"minecraft:stone_axe":9,"tombstone:gift":4,"minecraft:egg":4},"minecraft:mined":{"minecraft:white_bed":2,"minecraft:glass_pane":2,"minecraft:crafting_table":4,"minecraft:torch":3,"minecraft:tall_grass":3,"minecraft:cobblestone":18,"minecraft:oak_planks":3,"minecraft:iron_door":1,"minecraft:wall_torch":1,"minecraft:hay_block":2,"zombie_extreme:wooden_barricades":1,"minecraft:iron_ore":2,"zombie_extreme:decomposing_backpack":1,"minecraft:grass":14,"minecraft:coal_ore":1,"minecraft:cobweb":6,"minecraft:stone":2,"minecraft:stone_bricks":4,"zombie_extreme:birdsnest":1,"realisticforgingores:big_stone":1},"minecraft:picked_up":{"zombie_extreme:wooden_barricades":1,"minecraft:crafting_table":4,"zombie_extreme:m_9_knife":1,"minecraft:feather":2,"minecraft:oak_log":14,"zombie_extreme:decomposing_backpack":1,"minecraft:string":6,"minecraft:dirt":8,"butchersdelight:deadchiken":4,"realisticforgingores:raw_iron_ore":5,"butchersdelight:dead_cow":5,"minecraft:stone_bricks":2,"apocalypsenow:human_flesh":1,"minecraft:wheat_seeds":2,"dynamictrees:oak_seed":4,"minecraft:oak_planks":4,"minecraft:egg":6,"minecraft:stick":15,"realisticforgingores:big_stone":1,"minecraft:torch":5,"minecraft:white_bed":1,"tombstone:lollipop":1,"minecraft:bundle":1,"minecraft:rotten_flesh":6,"butchersdelight:deadsheep":2,"minecraft:sugar":1,"minecraft:hay_block":2,"minecraft:coal":2,"minecraft:cobblestone":20,"minecraft:white_wool":2}},"DataVersion":3465}