{"stats":{"minecraft:dropped":{"apocalypsenow:human_flesh":1,"minecraft:wheat_seeds":2,"zombie_extreme:cloth":1,"jeg:scrap":6,"minecraft:coal":11,"zombie_extreme:soda_used":1,"apocalypsenow:letter_opener":1,"apocalypsenow:baseball_cap_blue_helmet":1,"minecraft:wooden_axe":2,"minecraft:sugar_cane":4,"apocalypsenow:small_can":2,"minecraft:black_terracotta":10,"apocalypsenow:metal_shelves":3,"apocalypsenow:gas_canister":1,"minecraft:cooked_mutton":1,"realisticforgingores:copperore":6,"apocalypsenow:cooked_human_flesh":3,"minecraft:arrow":2,"minecraft:beef":1,"minecraft:wooden_pickaxe":3,"apocalypsenow:pet_bottle":1},"minecraft:custom":{"minecraft:mob_kills":19,"minecraft:interact_with_crafting_table":37,"minecraft:leave_game":3,"minecraft:time_since_death":2521,"minecraft:climb_one_cm":8082,"minecraft:sprint_one_cm":186789,"minecraft:walk_one_cm":244753,"minecraft:damage_blocked_by_shield":1065,"minecraft:drop":42,"tombstone:eaten_lollipop":1,"minecraft:talked_to_villager":1,"minecraft:play_time":116789,"minecraft:sneak_time":1087,"minecraft:deaths":7,"minecraft:walk_under_water_one_cm":10092,"minecraft:jump":1407,"minecraft:interact_with_blast_furnace":1,"minecraft:walk_on_water_one_cm":25929,"minecraft:total_world_time":116789,"minecraft:interact_with_furnace":5,"minecraft:tune_noteblock":2,"minecraft:sleep_in_bed":4,"minecraft:time_since_rest":2558,"minecraft:damage_taken":2542,"minecraft:damage_dealt":6375,"minecraft:swim_one_cm":3296,"minecraft:fly_one_cm":169466,"minecraft:open_chest":40,"minecraft:crouch_one_cm":981,"tombstone:undead_killed":11,"minecraft:interact_with_smoker":8,"minecraft:fall_one_cm":26752},"minecraft:crafted":{"minecraft:oak_planks":80,"minecraft:cooked_chicken":4,"minecraft:cooked_mutton":0,"minecraft:stone_pickaxe":1,"minecraft:chest":1,"minecraft:cooked_beef":6,"sophisticatedbackpacks:backpack":1,"minecraft:cooked_porkchop":1,"minecraft:crafting_table":2,"minecraft:wooden_pickaxe":1,"minecraft:stone_axe":2,"minecraft:air":0,"minecraft:shield":1,"minecraft:stick":28,"apocalypsenow:cooked_human_flesh":3,"minecraft:wooden_axe":1,"minecraft:stone_sword":1,"minecraft:torch":40},"minecraft:killed":{"zombie_extreme:night_hunter":1,"zombie_extreme:divided":1,"minecraft:horse":2,"zombie_island:riot_gear_walker":1,"zombie_extreme:revived":1,"zombie_extreme:clicker":1,"zombie_extreme:goon":2,"apocalypsenow:walker_33":1,"minecraft:drowned":1,"zombie_island:shambler_4":1,"zombie_extreme:crawler":1,"zombie_island:walker_3":1,"apocalypsenow:runner_50":1,"zombie_extreme:devestated":1,"zombie_extreme:infected_police":1,"zombie_island:walker_2":1},"minecraft:used":{"apocalypsenow:large_shelves":5,"minecraft:stone_sword":37,"apocalypsenow:metal_shelves":3,"minecraft:spruce_planks":2,"apocalypsenow:un_gas_mask_helmet_helmet":1,"minecraft:shield":20,"tombstone:lollipop":1,"dynamictrees:oak_seed":3,"minecraft:cooked_chicken":3,"minecraft:rotten_flesh":1,"zombie_extreme:vodka":1,"minecraft:torch":44,"minecraft:dirt":2,"apocalypsenow:yellow_football_armor_chestplate":1,"apocalypsenow:orange_juice":1,"apocalypsenow:kitchen_knife":2,"minecraft:wooden_axe":38,"zombie_extreme:whiskey":1,"zombie_extreme:soda":1,"tombstone:gift":2,"minecraft:cooked_beef":1,"apocalypsenow:us_army_helmet":1,"zombie_extreme:fireaxe":3,"minecraft:bundle":1,"minecraft:stone_pickaxe":85,"apocalypsenow:cricket_bat":1,"minecraft:oak_planks":22,"minecraft:wooden_pickaxe":2,"apocalypsenow:mre":1,"minecraft:cookie":1,"zombie_extreme:chips":2,"minecraft:crafting_table":8,"apocalypsenow:nonalcoholic_beer":1,"zombie_extreme:golf_club":5,"minecraft:white_bed":1,"minecraft:smoker":1,"minecraft:apple":11,"tombstone:grave_key":4,"minecraft:stone_axe":141,"minecraft:cooked_porkchop":1,"minecraft:yellow_bed":3,"apocalypsenow:large_soda":1},"minecraft:broken":{"minecraft:stone_axe":1,"apocalypsenow:un_gas_mask_helmet_helmet":1},"minecraft:mined":{"apocalypsenow:gas_canister":1,"minecraft:spruce_planks":22,"minecraft:black_terracotta":10,"apocalypsenow:metal_shelvels_two":2,"minecraft:grass_block":3,"minecraft:spawner":1,"minecraft:iron_ore":1,"minecraft:fire":6,"minecraft:polished_deepslate":1,"minecraft:bookshelf":12,"minecraft:stripped_mangrove_wood":2,"minecraft:stone":14,"apocalypsenow:metal_shelves":2,"minecraft:glass_pane":3,"minecraft:smoker":8,"minecraft:dandelion":1,"apocalypsenow:large_shelves":7,"minecraft:torch":1,"minecraft:crafting_table":6,"apocalypsenow:metelshelvesfour":1,"minecraft:blast_furnace":1,"minecraft:calcite":3,"minecraft:rose_bush":1,"minecraft:cobblestone":2,"minecraft:tall_grass":12,"minecraft:oak_planks":9,"minecraft:sugar_cane":7,"minecraft:diorite":1,"minecraft:wall_torch":2,"apocalypsenow:large_shelves_fill":8,"minecraft:cyan_wool":2,"minecraft:yellow_bed":3,"minecraft:grass":16,"minecraft:coal_ore":19,"minecraft:oak_log":14,"minecraft:cobweb":19,"minecraft:oak_leaves":1},"minecraft:picked_up":{"minecraft:wooden_axe":2,"minecraft:crafting_table":6,"minecraft:chicken":8,"minecraft:wooden_pickaxe":2,"minecraft:enchanted_book":2,"minecraft:polished_deepslate":1,"minecraft:string":26,"apocalypsenow:polyester":1,"zombie_extreme:chips":3,"apocalypsenow:cigarettes":1,"butchersdelight:dead_cow":3,"minecraft:spruce_planks":22,"minecraft:beef":13,"minecraft:cyan_wool":2,"minecraft:rose_bush":1,"minecraft:calcite":3,"apocalypsenow:baseball_cap_blue_helmet":1,"dynamictrees:oak_seed":3,"minecraft:sugar_cane":21,"minecraft:stick":2,"minecraft:stripped_mangrove_wood":1,"minecraft:torch":4,"apocalypsenow:canned_pork":1,"minecraft:porkchop":1,"apocalypsenow:gas_canister":1,"tombstone:grave_dust":1,"minecraft:diorite":1,"tombstone:lollipop":1,"apocalypsenow:foam":2,"apocalypsenow:canned_rabbit_soup":1,"minecraft:arrow":2,"butchersdelight:deadsheep":2,"minecraft:rotten_flesh":13,"apocalypsenow:baseball_bat":1,"apocalypsenow:large_shelves":24,"minecraft:mutton":2,"minecraft:cobblestone":22,"minecraft:leather_chestplate":1,"minecraft:feather":16,"minecraft:leather":2,"minecraft:smoker":16,"realisticforgingores:copperore":6,"apocalypsenow:screwdriver":1,"minecraft:oak_log":20,"jeg:scrap":6,"minecraft:yellow_bed":3,"minecraft:dirt":2,"apocalypsenow:canned_tomatos":1,"tombstone:gift":1,"butchersdelight:deadchiken":4,"realisticforgingores:raw_iron_ore":2,"minecraft:apple":6,"minecraft:wheat_seeds":2,"apocalypsenow:human_flesh":1,"minecraft:iron_ingot":1,"minecraft:oak_planks":32,"minecraft:book":37,"minecraft:black_terracotta":20,"apocalypsenow:small_can":1,"butchersdelight:cow_hide":6,"apocalypsenow:vodka":1,"minecraft:blast_furnace":1,"minecraft:white_bed":1,"apocalypsenow:un_gas_mask_helmet_helmet":1,"minecraft:bundle":1,"apocalypsenow:metal_shelves":11,"butchersdelight:sheephide":2,"apocalypsenow:cricket_bat":1,"minecraft:coal":18,"apocalypsenow:marmalade":1}},"DataVersion":3465}