{"stats":{"minecraft:dropped":{"apocalypsenow:human_flesh":1,"minecraft:wheat_seeds":1,"jeg:scrap":6,"realisticforgingores:copperore":6,"apocalypsenow:letter_opener":1,"minecraft:wooden_axe":2,"minecraft:wooden_pickaxe":3,"apocalypsenow:pet_bottle":1},"minecraft:custom":{"minecraft:mob_kills":13,"minecraft:interact_with_crafting_table":31,"minecraft:leave_game":3,"minecraft:time_since_death":1910,"minecraft:sleep_in_bed":3,"minecraft:climb_one_cm":1202,"minecraft:time_since_rest":1968,"minecraft:sprint_one_cm":89967,"minecraft:damage_taken":1477,"minecraft:walk_one_cm":133284,"minecraft:drop":11,"tombstone:eaten_lollipop":1,"minecraft:damage_dealt":4942,"minecraft:swim_one_cm":3296,"minecraft:fly_one_cm":86123,"minecraft:open_chest":20,"minecraft:crouch_one_cm":981,"minecraft:play_time":68789,"tombstone:undead_killed":7,"minecraft:deaths":4,"minecraft:sneak_time":1042,"minecraft:walk_under_water_one_cm":10092,"minecraft:jump":860,"minecraft:walk_on_water_one_cm":25929,"minecraft:total_world_time":68789,"minecraft:fall_one_cm":15508},"minecraft:crafted":{"minecraft:oak_planks":80,"sophisticatedbackpacks:backpack":1,"minecraft:crafting_table":2,"minecraft:wooden_pickaxe":1,"minecraft:stone_axe":1,"minecraft:stick":24,"minecraft:chest":1,"minecraft:stone_sword":1,"minecraft:stone_pickaxe":1,"minecraft:wooden_axe":1,"minecraft:torch":40},"minecraft:killed":{"zombie_extreme:night_hunter":1,"zombie_island:walker_3":1,"apocalypsenow:runner_50":1,"minecraft:horse":2,"zombie_island:riot_gear_walker":1,"zombie_extreme:clicker":1,"zombie_extreme:goon":2,"apocalypsenow:walker_33":1,"minecraft:drowned":1,"zombie_island:walker_2":1,"zombie_island:shambler_4":1},"minecraft:used":{"minecraft:stone_sword":9,"minecraft:bundle":1,"minecraft:stone_pickaxe":34,"apocalypsenow:cricket_bat":1,"minecraft:oak_planks":18,"apocalypsenow:un_gas_mask_helmet_helmet":1,"minecraft:wooden_pickaxe":2,"tombstone:lollipop":1,"dynamictrees:oak_seed":3,"minecraft:rotten_flesh":1,"minecraft:torch":44,"minecraft:dirt":2,"minecraft:crafting_table":6,"zombie_extreme:golf_club":5,"minecraft:white_bed":1,"minecraft:wooden_axe":29,"minecraft:apple":6,"minecraft:stone_axe":95,"minecraft:yellow_bed":2,"apocalypsenow:large_soda":1},"minecraft:broken":{"minecraft:stone_axe":1,"apocalypsenow:un_gas_mask_helmet_helmet":1},"minecraft:mined":{"minecraft:glass_pane":2,"minecraft:dandelion":1,"minecraft:crafting_table":5,"minecraft:torch":1,"minecraft:grass_block":3,"minecraft:tall_grass":12,"minecraft:cobblestone":2,"minecraft:sugar_cane":7,"minecraft:oak_planks":5,"minecraft:wall_torch":2,"minecraft:spawner":1,"minecraft:iron_ore":1,"minecraft:yellow_bed":2,"minecraft:bookshelf":12,"minecraft:grass":10,"minecraft:oak_log":14,"minecraft:coal_ore":19,"minecraft:cobweb":6,"minecraft:stone":10,"minecraft:oak_leaves":1},"minecraft:picked_up":{"minecraft:wooden_axe":2,"minecraft:crafting_table":5,"minecraft:leather":2,"minecraft:wooden_pickaxe":2,"realisticforgingores:copperore":6,"minecraft:oak_log":20,"jeg:scrap":6,"minecraft:yellow_bed":2,"minecraft:string":6,"minecraft:dirt":2,"realisticforgingores:raw_iron_ore":2,"apocalypsenow:human_flesh":1,"minecraft:wheat_seeds":1,"minecraft:iron_ingot":1,"dynamictrees:oak_seed":3,"minecraft:sugar_cane":17,"minecraft:oak_planks":5,"minecraft:book":36,"minecraft:torch":4,"tombstone:grave_dust":1,"minecraft:white_bed":1,"tombstone:lollipop":1,"apocalypsenow:un_gas_mask_helmet_helmet":1,"minecraft:bundle":1,"minecraft:rotten_flesh":8,"minecraft:coal":18,"minecraft:cobblestone":15}},"DataVersion":3465}