{"stats":{"minecraft:dropped":{"apocalypsenow:human_flesh":1,"minecraft:wheat_seeds":1,"apocalypsenow:small_can":2,"zombie_extreme:cloth":1,"apocalypsenow:gas_canister":1,"jeg:scrap":6,"realisticforgingores:copperore":6,"minecraft:coal":11,"zombie_extreme:soda_used":1,"apocalypsenow:letter_opener":1,"apocalypsenow:baseball_cap_blue_helmet":1,"minecraft:wooden_axe":2,"minecraft:arrow":2,"minecraft:beef":1,"minecraft:wooden_pickaxe":3,"apocalypsenow:pet_bottle":1},"minecraft:crafted":{"minecraft:oak_planks":80,"sophisticatedbackpacks:backpack":1,"minecraft:crafting_table":2,"minecraft:wooden_pickaxe":1,"minecraft:stone_axe":2,"minecraft:shield":1,"minecraft:stick":28,"minecraft:chest":1,"minecraft:stone_sword":1,"minecraft:stone_pickaxe":1,"minecraft:wooden_axe":1,"minecraft:torch":40},"minecraft:custom":{"minecraft:interact_with_furnace":3,"minecraft:mob_kills":17,"minecraft:interact_with_crafting_table":37,"minecraft:leave_game":3,"minecraft:time_since_death":343,"minecraft:sleep_in_bed":4,"minecraft:climb_one_cm":5044,"minecraft:time_since_rest":374,"minecraft:sprint_one_cm":132814,"minecraft:damage_taken":1729,"minecraft:walk_one_cm":189029,"minecraft:damage_blocked_by_shield":270,"minecraft:drop":20,"tombstone:eaten_lollipop":1,"minecraft:damage_dealt":5781,"minecraft:talked_to_villager":1,"minecraft:swim_one_cm":3296,"minecraft:fly_one_cm":119551,"minecraft:open_chest":38,"minecraft:crouch_one_cm":981,"minecraft:play_time":92789,"tombstone:undead_killed":10,"minecraft:deaths":5,"minecraft:sneak_time":1059,"minecraft:walk_under_water_one_cm":10092,"minecraft:jump":1111,"minecraft:interact_with_blast_furnace":1,"minecraft:walk_on_water_one_cm":25929,"minecraft:total_world_time":92789,"minecraft:fall_one_cm":20551},"minecraft:killed":{"zombie_extreme:night_hunter":1,"zombie_island:walker_3":1,"apocalypsenow:runner_50":1,"zombie_extreme:divided":1,"minecraft:horse":2,"zombie_extreme:revived":1,"zombie_island:riot_gear_walker":1,"zombie_extreme:clicker":1,"zombie_extreme:devestated":1,"zombie_extreme:goon":2,"apocalypsenow:walker_33":1,"minecraft:drowned":1,"zombie_island:walker_2":1,"zombie_island:shambler_4":1},"minecraft:used":{"apocalypsenow:large_shelves":3,"minecraft:stone_sword":19,"minecraft:bundle":1,"minecraft:stone_pickaxe":68,"apocalypsenow:cricket_bat":1,"minecraft:oak_planks":22,"minecraft:shield":3,"apocalypsenow:un_gas_mask_helmet_helmet":1,"minecraft:wooden_pickaxe":2,"tombstone:lollipop":1,"dynamictrees:oak_seed":3,"minecraft:rotten_flesh":1,"zombie_extreme:chips":2,"minecraft:torch":44,"minecraft:dirt":2,"minecraft:crafting_table":8,"apocalypsenow:nonalcoholic_beer":1,"zombie_extreme:golf_club":5,"minecraft:white_bed":1,"apocalypsenow:orange_juice":1,"minecraft:wooden_axe":38,"minecraft:apple":11,"tombstone:grave_key":2,"minecraft:stone_axe":103,"zombie_extreme:soda":1,"tombstone:gift":2,"minecraft:yellow_bed":2,"apocalypsenow:large_soda":1},"minecraft:broken":{"minecraft:stone_axe":1,"apocalypsenow:un_gas_mask_helmet_helmet":1},"minecraft:mined":{"apocalypsenow:gas_canister":1,"apocalypsenow:metal_shelves":2,"minecraft:glass_pane":3,"minecraft:black_terracotta":10,"minecraft:smoker":8,"minecraft:dandelion":1,"apocalypsenow:large_shelves":6,"apocalypsenow:metelshelvesfour":1,"minecraft:crafting_table":6,"minecraft:torch":1,"minecraft:grass_block":3,"minecraft:tall_grass":12,"minecraft:cobblestone":2,"minecraft:sugar_cane":7,"minecraft:oak_planks":9,"minecraft:wall_torch":2,"minecraft:spawner":1,"apocalypsenow:large_shelves_fill":6,"minecraft:iron_ore":1,"minecraft:yellow_bed":2,"minecraft:bookshelf":12,"minecraft:grass":13,"minecraft:oak_log":14,"minecraft:coal_ore":19,"minecraft:cobweb":10,"minecraft:stone":10,"minecraft:oak_leaves":1},"minecraft:picked_up":{"minecraft:wooden_axe":2,"minecraft:crafting_table":6,"minecraft:feather":8,"minecraft:chicken":4,"minecraft:leather":2,"minecraft:wooden_pickaxe":2,"minecraft:smoker":8,"minecraft:enchanted_book":1,"realisticforgingores:copperore":6,"minecraft:oak_log":20,"jeg:scrap":6,"minecraft:yellow_bed":2,"minecraft:string":11,"minecraft:dirt":2,"tombstone:gift":1,"butchersdelight:deadchiken":4,"realisticforgingores:raw_iron_ore":2,"butchersdelight:dead_cow":3,"apocalypsenow:human_flesh":1,"minecraft:wheat_seeds":1,"minecraft:beef":7,"minecraft:iron_ingot":1,"dynamictrees:oak_seed":3,"minecraft:sugar_cane":17,"minecraft:oak_planks":8,"minecraft:book":36,"minecraft:black_terracotta":10,"apocalypsenow:small_can":1,"minecraft:torch":4,"butchersdelight:cow_hide":3,"apocalypsenow:gas_canister":1,"tombstone:grave_dust":1,"minecraft:white_bed":1,"butchersdelight:sheephide":1,"butchersdelight:deadsheep":2,"apocalypsenow:metal_shelves":3,"minecraft:arrow":2,"tombstone:lollipop":1,"apocalypsenow:un_gas_mask_helmet_helmet":1,"minecraft:bundle":1,"minecraft:rotten_flesh":10,"apocalypsenow:large_shelves":12,"minecraft:mutton":1,"minecraft:coal":18,"minecraft:cobblestone":18}},"DataVersion":3465}