{"stats":{"minecraft:used":{"minecraft:wooden_axe":29,"minecraft:stone_sword":6,"minecraft:apple":2,"minecraft:stone_pickaxe":5,"apocalypsenow:cricket_bat":1,"minecraft:oak_planks":8,"apocalypsenow:un_gas_mask_helmet_helmet":1,"minecraft:wooden_pickaxe":2,"minecraft:rotten_flesh":1,"tombstone:lollipop":1,"dynamictrees:oak_seed":3,"minecraft:torch":1,"minecraft:stone_axe":13,"minecraft:dirt":2,"minecraft:crafting_table":3,"zombie_extreme:golf_club":5,"minecraft:yellow_bed":1,"apocalypsenow:large_soda":1},"minecraft:dropped":{"apocalypsenow:human_flesh":1,"minecraft:wooden_axe":2,"minecraft:wooden_pickaxe":3},"minecraft:killed":{"zombie_extreme:clicker":1,"zombie_extreme:goon":1,"minecraft:drowned":1,"zombie_island:walker_3":1},"minecraft:custom":{"minecraft:time_since_rest":536,"minecraft:sprint_one_cm":41620,"minecraft:damage_taken":1030,"minecraft:walk_one_cm":61286,"minecraft:mob_kills":4,"minecraft:drop":6,"tombstone:eaten_lollipop":1,"minecraft:damage_dealt":1964,"minecraft:interact_with_crafting_table":11,"minecraft:swim_one_cm":2126,"minecraft:open_chest":1,"minecraft:fly_one_cm":52964,"minecraft:crouch_one_cm":380,"minecraft:play_time":33586,"tombstone:undead_killed":2,"minecraft:deaths":3,"minecraft:sneak_time":616,"minecraft:walk_under_water_one_cm":8337,"minecraft:jump":457,"minecraft:leave_game":2,"minecraft:time_since_death":345,"minecraft:walk_on_water_one_cm":16154,"minecraft:sleep_in_bed":2,"minecraft:total_world_time":33586,"minecraft:fall_one_cm":8490},"minecraft:mined":{"minecraft:dandelion":1,"minecraft:yellow_bed":2,"minecraft:crafting_table":1,"minecraft:torch":1,"minecraft:grass":7,"minecraft:grass_block":2,"minecraft:oak_log":14,"minecraft:coal_ore":2,"minecraft:cobweb":6,"minecraft:tall_grass":3,"minecraft:cobblestone":2,"minecraft:stone":3,"minecraft:sugar_cane":5,"minecraft:oak_leaves":1},"minecraft:crafted":{"minecraft:oak_planks":64,"minecraft:crafting_table":2,"minecraft:stick":12,"minecraft:wooden_pickaxe":1,"minecraft:stone_pickaxe":1,"minecraft:wooden_axe":1,"minecraft:stone_sword":1,"minecraft:torch":8,"minecraft:stone_axe":1},"minecraft:picked_up":{"minecraft:wooden_axe":2,"minecraft:crafting_table":1,"minecraft:torch":2,"minecraft:wooden_pickaxe":2,"minecraft:oak_log":20,"minecraft:yellow_bed":2,"minecraft:white_bed":1,"minecraft:dirt":2,"minecraft:string":6,"tombstone:lollipop":1,"apocalypsenow:un_gas_mask_helmet_helmet":1,"minecraft:rotten_flesh":4,"apocalypsenow:human_flesh":1,"minecraft:wheat_seeds":1,"dynamictrees:oak_seed":3,"minecraft:sugar_cane":13,"minecraft:coal":2,"minecraft:cobblestone":9}},"DataVersion":3465}