{"stats":{"minecraft:used":{"minecraft:wooden_axe":29,"minecraft:apple":2,"minecraft:oak_planks":8,"apocalypsenow:un_gas_mask_helmet_helmet":1,"minecraft:wooden_pickaxe":2,"tombstone:lollipop":1,"dynamictrees:oak_seed":3,"minecraft:rotten_flesh":1,"minecraft:dirt":2,"minecraft:crafting_table":1,"apocalypsenow:large_soda":1},"minecraft:dropped":{"apocalypsenow:human_flesh":1,"minecraft:wooden_axe":2,"minecraft:wooden_pickaxe":3},"minecraft:killed":{"zombie_extreme:goon":1,"minecraft:drowned":1},"minecraft:custom":{"minecraft:time_since_rest":2285,"minecraft:sprint_one_cm":26303,"minecraft:damage_taken":680,"minecraft:walk_one_cm":35526,"minecraft:mob_kills":2,"minecraft:drop":6,"tombstone:eaten_lollipop":1,"minecraft:damage_dealt":1223,"minecraft:swim_one_cm":2126,"minecraft:interact_with_crafting_table":7,"minecraft:fly_one_cm":35060,"minecraft:open_chest":1,"minecraft:crouch_one_cm":380,"minecraft:play_time":22325,"tombstone:undead_killed":1,"minecraft:deaths":2,"minecraft:sneak_time":616,"minecraft:walk_under_water_one_cm":8337,"minecraft:jump":305,"minecraft:walk_on_water_one_cm":13995,"minecraft:time_since_death":2237,"minecraft:total_world_time":22325,"minecraft:fall_one_cm":5258},"minecraft:mined":{"minecraft:dandelion":1,"minecraft:grass":5,"minecraft:grass_block":2,"minecraft:oak_log":10,"minecraft:tall_grass":2,"minecraft:cobblestone":2,"minecraft:sugar_cane":1,"minecraft:oak_leaves":1},"minecraft:crafted":{"minecraft:oak_planks":64,"minecraft:crafting_table":1,"minecraft:stick":8,"minecraft:wooden_pickaxe":1,"minecraft:wooden_axe":1,"minecraft:stone_axe":1},"minecraft:picked_up":{"minecraft:wooden_axe":2,"minecraft:wooden_pickaxe":2,"minecraft:oak_log":16,"minecraft:dirt":2,"tombstone:lollipop":1,"apocalypsenow:un_gas_mask_helmet_helmet":1,"minecraft:rotten_flesh":1,"apocalypsenow:human_flesh":1,"dynamictrees:oak_seed":3,"minecraft:sugar_cane":3,"minecraft:cobblestone":3}},"DataVersion":3465}