{"stats":{"minecraft:used":{"minecraft:wooden_axe":7,"minecraft:dirt":2,"minecraft:crafting_table":1,"minecraft:oak_planks":2,"apocalypsenow:un_gas_mask_helmet_helmet":1,"tombstone:lollipop":1,"dynamictrees:oak_seed":3},"minecraft:killed":{"minecraft:drowned":1},"minecraft:custom":{"minecraft:time_since_rest":10325,"minecraft:crouch_one_cm":94,"minecraft:play_time":10325,"minecraft:sprint_one_cm":10210,"tombstone:undead_killed":1,"minecraft:damage_taken":210,"minecraft:walk_one_cm":16322,"minecraft:sneak_time":278,"minecraft:walk_under_water_one_cm":5739,"minecraft:mob_kills":1,"tombstone:eaten_lollipop":1,"minecraft:jump":131,"minecraft:damage_dealt":378,"minecraft:time_since_death":10325,"minecraft:walk_on_water_one_cm":10007,"minecraft:total_world_time":10325,"minecraft:interact_with_crafting_table":2,"minecraft:swim_one_cm":1756,"minecraft:fall_one_cm":2835,"minecraft:fly_one_cm":17064},"minecraft:mined":{"minecraft:grass":4,"minecraft:grass_block":2,"minecraft:dandelion":1,"minecraft:oak_leaves":1},"minecraft:crafted":{"minecraft:oak_planks":24,"minecraft:crafting_table":1,"minecraft:stick":4,"minecraft:wooden_axe":1},"minecraft:picked_up":{"tombstone:lollipop":1,"apocalypsenow:un_gas_mask_helmet_helmet":1,"minecraft:rotten_flesh":1,"minecraft:oak_log":6,"dynamictrees:oak_seed":3,"minecraft:dirt":2}},"DataVersion":3465}