{"stats":{"minecraft:used":{"minecraft:stone_sword":6,"minecraft:stone_pickaxe":23,"apocalypsenow:cricket_bat":1,"minecraft:oak_planks":10,"apocalypsenow:un_gas_mask_helmet_helmet":1,"minecraft:wooden_pickaxe":2,"tombstone:lollipop":1,"dynamictrees:oak_seed":3,"minecraft:rotten_flesh":1,"minecraft:torch":40,"minecraft:dirt":2,"minecraft:crafting_table":4,"zombie_extreme:golf_club":5,"minecraft:white_bed":1,"minecraft:wooden_axe":29,"minecraft:apple":5,"minecraft:stone_axe":39,"minecraft:yellow_bed":2,"apocalypsenow:large_soda":1},"minecraft:dropped":{"apocalypsenow:human_flesh":1,"minecraft:wheat_seeds":1,"minecraft:wooden_axe":2,"minecraft:wooden_pickaxe":3},"minecraft:broken":{"apocalypsenow:un_gas_mask_helmet_helmet":1},"minecraft:killed":{"zombie_island:walker_3":1,"apocalypsenow:runner_50":1,"zombie_island:riot_gear_walker":1,"zombie_extreme:clicker":1,"zombie_extreme:goon":2,"minecraft:drowned":1,"zombie_island:walker_2":1},"minecraft:custom":{"minecraft:mob_kills":8,"minecraft:interact_with_crafting_table":29,"minecraft:leave_game":3,"minecraft:time_since_death":14161,"minecraft:sleep_in_bed":3,"minecraft:time_since_rest":8515,"minecraft:sprint_one_cm":54440,"minecraft:damage_taken":1189,"minecraft:walk_one_cm":95127,"minecraft:drop":7,"tombstone:eaten_lollipop":1,"minecraft:damage_dealt":3320,"minecraft:swim_one_cm":2126,"minecraft:fly_one_cm":68152,"minecraft:open_chest":11,"minecraft:crouch_one_cm":380,"minecraft:play_time":47402,"tombstone:undead_killed":4,"minecraft:deaths":3,"minecraft:sneak_time":625,"minecraft:walk_under_water_one_cm":9200,"minecraft:jump":626,"minecraft:walk_on_water_one_cm":21783,"minecraft:total_world_time":47402,"minecraft:fall_one_cm":11219},"minecraft:mined":{"minecraft:dandelion":1,"minecraft:crafting_table":3,"minecraft:torch":1,"minecraft:grass_block":3,"minecraft:tall_grass":3,"minecraft:cobblestone":2,"minecraft:oak_planks":2,"minecraft:sugar_cane":5,"minecraft:wall_torch":2,"minecraft:spawner":1,"minecraft:yellow_bed":2,"minecraft:grass":8,"minecraft:coal_ore":10,"minecraft:oak_log":14,"minecraft:cobweb":6,"minecraft:stone":9,"minecraft:oak_leaves":1},"minecraft:crafted":{"minecraft:oak_planks":80,"minecraft:crafting_table":2,"minecraft:wooden_pickaxe":1,"minecraft:stone_axe":1,"minecraft:stick":24,"minecraft:stone_sword":1,"minecraft:stone_pickaxe":1,"minecraft:wooden_axe":1,"minecraft:torch":36},"minecraft:picked_up":{"minecraft:wooden_axe":2,"minecraft:crafting_table":3,"minecraft:wooden_pickaxe":2,"realisticforgingores:copperore":6,"minecraft:oak_log":20,"minecraft:yellow_bed":2,"minecraft:string":6,"minecraft:dirt":2,"minecraft:wheat_seeds":1,"apocalypsenow:human_flesh":1,"minecraft:iron_ingot":1,"dynamictrees:oak_seed":3,"minecraft:sugar_cane":13,"minecraft:oak_planks":2,"minecraft:torch":4,"tombstone:grave_dust":1,"minecraft:white_bed":1,"tombstone:lollipop":1,"apocalypsenow:un_gas_mask_helmet_helmet":1,"minecraft:rotten_flesh":6,"minecraft:coal":9,"minecraft:cobblestone":14}},"DataVersion":3465}