{"stats":{"minecraft:dropped":{"apocalypsenow:human_flesh":1,"minecraft:wheat_seeds":2,"zombie_extreme:cloth":1,"jeg:scrap":6,"minecraft:coal":11,"zombie_extreme:soda_used":1,"apocalypsenow:letter_opener":1,"apocalypsenow:baseball_cap_blue_helmet":1,"minecraft:wooden_axe":2,"minecraft:sugar_cane":4,"apocalypsenow:small_can":2,"minecraft:black_terracotta":10,"apocalypsenow:metal_shelves":3,"apocalypsenow:gas_canister":1,"minecraft:cooked_mutton":1,"realisticforgingores:copperore":6,"apocalypsenow:cooked_human_flesh":3,"minecraft:arrow":2,"minecraft:beef":1,"minecraft:wooden_pickaxe":3,"apocalypsenow:pet_bottle":1},"minecraft:custom":{"minecraft:mob_kills":18,"minecraft:interact_with_crafting_table":37,"minecraft:leave_game":3,"minecraft:time_since_death":258,"minecraft:climb_one_cm":7868,"minecraft:sprint_one_cm":149618,"minecraft:walk_one_cm":213643,"minecraft:damage_blocked_by_shield":450,"minecraft:drop":42,"tombstone:eaten_lollipop":1,"minecraft:talked_to_villager":1,"minecraft:play_time":104789,"minecraft:sneak_time":1087,"minecraft:deaths":6,"minecraft:walk_under_water_one_cm":10092,"minecraft:jump":1237,"minecraft:interact_with_blast_furnace":1,"minecraft:walk_on_water_one_cm":25929,"minecraft:total_world_time":104789,"minecraft:interact_with_furnace":5,"minecraft:sleep_in_bed":4,"minecraft:time_since_rest":292,"minecraft:damage_taken":2030,"minecraft:damage_dealt":5882,"minecraft:swim_one_cm":3296,"minecraft:fly_one_cm":139804,"minecraft:open_chest":40,"minecraft:crouch_one_cm":981,"tombstone:undead_killed":11,"minecraft:interact_with_smoker":6,"minecraft:fall_one_cm":24333},"minecraft:crafted":{"minecraft:oak_planks":80,"minecraft:cooked_mutton":0,"minecraft:stone_pickaxe":1,"minecraft:chest":1,"minecraft:cooked_beef":6,"sophisticatedbackpacks:backpack":1,"minecraft:cooked_porkchop":1,"minecraft:crafting_table":2,"minecraft:wooden_pickaxe":1,"minecraft:stone_axe":2,"minecraft:air":0,"minecraft:shield":1,"minecraft:stick":28,"apocalypsenow:cooked_human_flesh":3,"minecraft:wooden_axe":1,"minecraft:stone_sword":1,"minecraft:torch":40},"minecraft:killed":{"zombie_extreme:night_hunter":1,"zombie_extreme:divided":1,"minecraft:horse":2,"zombie_island:riot_gear_walker":1,"zombie_extreme:revived":1,"zombie_extreme:clicker":1,"zombie_extreme:goon":2,"apocalypsenow:walker_33":1,"minecraft:drowned":1,"zombie_island:shambler_4":1,"zombie_extreme:crawler":1,"zombie_island:walker_3":1,"apocalypsenow:runner_50":1,"zombie_extreme:devestated":1,"zombie_island:walker_2":1},"minecraft:used":{"apocalypsenow:large_shelves":5,"minecraft:stone_sword":22,"apocalypsenow:metal_shelves":3,"apocalypsenow:un_gas_mask_helmet_helmet":1,"minecraft:shield":9,"tombstone:lollipop":1,"dynamictrees:oak_seed":3,"minecraft:rotten_flesh":1,"zombie_extreme:vodka":1,"minecraft:torch":44,"minecraft:dirt":2,"apocalypsenow:yellow_football_armor_chestplate":1,"apocalypsenow:orange_juice":1,"apocalypsenow:kitchen_knife":2,"minecraft:wooden_axe":38,"zombie_extreme:whiskey":1,"zombie_extreme:soda":1,"tombstone:gift":2,"apocalypsenow:us_army_helmet":1,"minecraft:bundle":1,"minecraft:stone_pickaxe":73,"apocalypsenow:cricket_bat":1,"minecraft:oak_planks":22,"minecraft:wooden_pickaxe":2,"apocalypsenow:mre":1,"zombie_extreme:chips":2,"minecraft:crafting_table":8,"apocalypsenow:nonalcoholic_beer":1,"zombie_extreme:golf_club":5,"minecraft:white_bed":1,"minecraft:smoker":1,"minecraft:apple":11,"tombstone:grave_key":3,"minecraft:stone_axe":104,"minecraft:yellow_bed":2,"apocalypsenow:large_soda":1},"minecraft:broken":{"minecraft:stone_axe":1,"apocalypsenow:un_gas_mask_helmet_helmet":1},"minecraft:mined":{"apocalypsenow:gas_canister":1,"minecraft:black_terracotta":10,"apocalypsenow:metal_shelvels_two":2,"minecraft:grass_block":3,"minecraft:spawner":1,"minecraft:iron_ore":1,"minecraft:bookshelf":12,"minecraft:stone":10,"apocalypsenow:metal_shelves":2,"minecraft:glass_pane":3,"minecraft:smoker":8,"minecraft:dandelion":1,"apocalypsenow:large_shelves":7,"minecraft:torch":1,"minecraft:crafting_table":6,"apocalypsenow:metelshelvesfour":1,"minecraft:cobblestone":2,"minecraft:tall_grass":12,"minecraft:oak_planks":9,"minecraft:sugar_cane":7,"minecraft:wall_torch":2,"apocalypsenow:large_shelves_fill":8,"minecraft:yellow_bed":2,"minecraft:grass":16,"minecraft:coal_ore":19,"minecraft:oak_log":14,"minecraft:cobweb":10,"minecraft:oak_leaves":1},"minecraft:picked_up":{"minecraft:wooden_axe":2,"minecraft:crafting_table":6,"minecraft:chicken":8,"minecraft:wooden_pickaxe":2,"minecraft:enchanted_book":2,"minecraft:string":17,"apocalypsenow:polyester":1,"zombie_extreme:chips":3,"apocalypsenow:cigarettes":1,"butchersdelight:dead_cow":3,"minecraft:beef":13,"apocalypsenow:baseball_cap_blue_helmet":1,"dynamictrees:oak_seed":3,"minecraft:sugar_cane":21,"minecraft:stick":2,"minecraft:torch":4,"apocalypsenow:canned_pork":1,"minecraft:porkchop":1,"apocalypsenow:gas_canister":1,"tombstone:grave_dust":1,"tombstone:lollipop":1,"apocalypsenow:foam":2,"apocalypsenow:canned_rabbit_soup":1,"minecraft:arrow":2,"butchersdelight:deadsheep":2,"minecraft:rotten_flesh":13,"apocalypsenow:baseball_bat":1,"apocalypsenow:large_shelves":24,"minecraft:mutton":2,"minecraft:cobblestone":18,"minecraft:leather_chestplate":1,"minecraft:feather":16,"minecraft:leather":2,"minecraft:smoker":16,"realisticforgingores:copperore":6,"apocalypsenow:screwdriver":1,"minecraft:oak_log":20,"jeg:scrap":6,"minecraft:yellow_bed":2,"minecraft:dirt":2,"apocalypsenow:canned_tomatos":1,"tombstone:gift":1,"butchersdelight:deadchiken":4,"realisticforgingores:raw_iron_ore":2,"minecraft:apple":6,"minecraft:wheat_seeds":2,"apocalypsenow:human_flesh":1,"minecraft:iron_ingot":1,"minecraft:oak_planks":32,"minecraft:book":37,"minecraft:black_terracotta":20,"apocalypsenow:small_can":1,"butchersdelight:cow_hide":6,"apocalypsenow:vodka":1,"minecraft:white_bed":1,"apocalypsenow:un_gas_mask_helmet_helmet":1,"minecraft:bundle":1,"apocalypsenow:metal_shelves":11,"butchersdelight:sheephide":2,"apocalypsenow:cricket_bat":1,"minecraft:coal":18,"apocalypsenow:marmalade":1}},"DataVersion":3465}