{"stats":{"minecraft:picked_up":{"minecraft:feather":1,"minecraft:chicken":1,"minecraft:leather":7,"minecraft:wheat_seeds":1,"minecraft:beef":6,"minecraft:porkchop":3,"butcher:cowcorpseitem":1,"minecraft:black_wool":1,"minecraft:mutton":4,"minecraft:white_wool":4,"minecraft:egg":1},"minecraft:mined":{"minecraft:grass":1,"minecraft:tall_grass":1},"minecraft:used":{"securitycraft:keypad_barrel":1,"minecraft:cow_spawn_egg":4,"butcher:cowcorpseitem":1,"butcher:butchers_knife":2,"securitycraft:admin_tool":1,"minecraft:iron_sword":2,"butcher:pig_corpse_item":1},"minecraft:custom":{"minecraft:time_since_rest":5483,"minecraft:crouch_one_cm":48,"minecraft:play_time":17667,"minecraft:sprint_one_cm":15487,"minecraft:walk_one_cm":33668,"minecraft:deaths":1,"minecraft:sneak_time":228,"minecraft:mob_kills":16,"minecraft:drop":1,"minecraft:jump":158,"minecraft:damage_dealt":965,"minecraft:leave_game":2,"minecraft:time_since_death":6060,"minecraft:total_world_time":17667,"minecraft:talked_to_villager":8,"minecraft:fall_one_cm":1045,"minecraft:fly_one_cm":178203},"minecraft:killed":{"minecraft:sheep":4,"minecraft:horse":2,"minecraft:pig":1,"minecraft:villager":1,"minecraft:chicken":1,"minecraft:cow":7}},"DataVersion":3465}