{"stats":{"minecraft:killed":{"minecraft:sheep":4,"minecraft:horse":2,"minecraft:pig":1,"minecraft:chicken":1,"minecraft:villager":1,"minecraft:cow":13},"minecraft:custom":{"minecraft:time_since_rest":11432,"minecraft:sprint_one_cm":22388,"minecraft:walk_one_cm":45079,"minecraft:mob_kills":22,"minecraft:drop":1,"minecraft:damage_dealt":1665,"minecraft:talked_to_villager":8,"minecraft:fly_one_cm":260343,"minecraft:crouch_one_cm":63,"minecraft:play_time":23616,"minecraft:deaths":1,"minecraft:sneak_time":290,"minecraft:jump":214,"minecraft:leave_game":4,"minecraft:time_since_death":12009,"minecraft:total_world_time":23616,"minecraft:fall_one_cm":1045},"minecraft:mined":{"minecraft:grass":1,"minecraft:tall_grass":1},"minecraft:picked_up":{"minecraft:feather":1,"minecraft:chicken":1,"minecraft:leather":13,"minecraft:porkchop":3,"butcher:cowcorpseitem":2,"minecraft:wheat_seeds":1,"minecraft:beef":22,"minecraft:black_wool":1,"minecraft:mutton":4,"minecraft:white_wool":4,"minecraft:egg":1},"minecraft:used":{"butcher:emptyskinrack":1,"butcher:bonebutchersknife":4,"minecraft:cow_spawn_egg":11,"butcher:butchers_knife":5,"minecraft:leather_chestplate":1,"minecraft:iron_sword":11,"butcher:cowcorpse":4,"securitycraft:keypad_barrel":1,"butcher:butcherstable":1,"butcher:rope":1,"butcher:cowcorpseitem":3,"securitycraft:admin_tool":1,"butcher:pig_corpse_item":1}},"DataVersion":3465}